{
  "median": [
    7.720890045166016,
    6.16722297668457,
    1.6744602918624878,
    -0.0007371011888608336,
    0.0001816301664803177,
    2.1428570107673295e-05,
    0.0002542835136409849,
    0.0007951480802148581,
    0.09604939073324203,
    -0.3799999952316284,
    -0.0038857143372297287,
    -0.0051876455545425415,
    -0.026000000536441803,
    -0.06400000303983688,
    0.0016142857493832707,
    0.0011223775800317526,
    0.009999999776482582,
    0.3267097473144531,
    0.09373516589403152,
    -0.0005863613914698362,
    -0.0002272091805934906,
    -0.0007570193847641349,
    0.0001816301664803177,
    -0.0029680663719773293,
    -0.002143681747838855,
    0.0004479445342440158,
    0.0006282230606302619,
    51.10576629638672,
    0.1310466080904007,
    0.010661855340003967,
    6.0,
    0.8606126308441162,
    0.8627676963806152
  ],
  "iqr": [
    23.189727783203125,
    3.8217287063598633,
    15.541433334350586,
    0.024790924042463303,
    0.02937796339392662,
    0.028485842049121857,
    0.17609871923923492,
    0.33886975049972534,
    2.232785701751709,
    2.427999973297119,
    0.09099999815225601,
    0.08799650520086288,
    0.5475000143051147,
    1.0810000896453857,
    0.030957143753767014,
    0.022571679204702377,
    0.16349999606609344,
    3.403420925140381,
    0.4783722758293152,
    0.023546533659100533,
    0.022097118198871613,
    0.024492911994457245,
    0.02937796339392662,
    0.13995245099067688,
    0.2593092918395996,
    0.021194718778133392,
    0.018805228173732758,
    151.59292602539062,
    4.730734348297119,
    0.2287912219762802,
    9.0,
    1.8336036205291748,
    1.7867056131362915
  ],
  "eps": 1e-08
}