{
  "train": [
    5.143313516033151,
    3.478511488177086,
    2.622923853455997,
    2.2374403698196828,
    2.055076310054852,
    1.9249648336178617,
    1.8163811764756188,
    1.7212668572618661,
    1.6398260642270572,
    1.568250999424627,
    1.5002764322555782,
    1.4366201940781431,
    1.3830785985852851,
    1.3326841398992173,
    1.291932740172402,
    1.2505400052976088,
    1.2122870401932242,
    1.180214997197761,
    1.1531176845558355,
    1.1252997249690562,
    1.1010865497458828,
    1.080768781444414,
    1.0607468558302342,
    1.0389533528213293,
    1.0256535177999506,
    1.0095455499946093,
    0.9915556702457491,
    0.9768748149031499,
    0.9656000449194935,
    0.9497854571199157
  ],
  "val": [
    3.5418673976437076,
    2.5193549275070755,
    2.1179405774225244,
    1.8555079326852337,
    1.7326612706695284,
    1.614214403288705,
    1.528029624904905,
    1.4618384919160015,
    1.3630211375408121,
    1.3019891874148295,
    1.253050677068941,
    1.177729236473749,
    1.139936854141754,
    1.089703235570546,
    1.0531361070308056,
    1.0244533828162885,
    1.0242100704338524,
    0.9988897778503187,
    0.9874163431289432,
    0.9355428175448062,
    0.9315118150232913,
    0.8720378412322684,
    0.8517203236837964,
    0.8298086272654953,
    0.8461352359135073,
    0.8395563829076159,
    0.7959294710513,
    0.7845034248881287,
    0.7856663546555644,
    0.7652149155408472
  ]
}