{
  "resid_mean": 0.0074174380420177185,
  "resid_std": 0.11035117412684246,
  "alpha": 0.2,
  "cusum_k": 0.5,
  "thr_score_dAH": 0.6091089844703674,
  "thr_ewma_abs": 4.4538035810551975,
  "thr_cusum_abs": 285.9869942344035
}