{
  "config": {
    "output_dir": "reports/lab_phase2_similarity_run3",
    "window_hours": 12,
    "step_hours": 1,
    "k": 5,
    "threshold": 0.5
  },
  "dataset": {
    "candidate_windows": 99,
    "candidate_runs": 6,
    "top_info_windows": 49,
    "class_counts": {
      "unseal": 51,
      "seal": 48
    }
  },
  "baseline": {
    "best_feature": "delta_half_dAH",
    "auc": 0.7777777777777778,
    "direction": "pos",
    "all": {
      "slope_in_h_per_h": {
        "auc": 0.6666666666666666,
        "direction": "neg"
      },
      "delta_half_in_h": {
        "auc": 0.6666666666666666,
        "direction": "neg"
      },
      "delta_half_dAH": {
        "auc": 0.7777777777777778,
        "direction": "pos"
      },
      "mean_dT_run": {
        "auc": 0.6666666666666666,
        "direction": "pos"
      }
    }
  },
  "baseline_branch": {
    "best_feature": "delta_half_dAH",
    "run_balanced_accuracy": 0.6666666666666666,
    "run_precision": 0.6666666666666666,
    "run_recall": 0.6666666666666666,
    "run_f1": 0.6666666666666666,
    "pass": true,
    "all": {
      "slope_in_h_per_h": {
        "run_balanced_accuracy": 0.3333333333333333,
        "run_precision": 0.4,
        "run_recall": 0.6666666666666666,
        "run_f1": 0.5
      },
      "delta_half_in_h": {
        "run_balanced_accuracy": 0.3333333333333333,
        "run_precision": 0.4,
        "run_recall": 0.6666666666666666,
        "run_f1": 0.5
      },
      "delta_half_dAH": {
        "run_balanced_accuracy": 0.6666666666666666,
        "run_precision": 0.6666666666666666,
        "run_recall": 0.6666666666666666,
        "run_f1": 0.6666666666666666
      },
      "mean_dT_run": {
        "run_balanced_accuracy": 0.3333333333333333,
        "run_precision": 0.3333333333333333,
        "run_recall": 0.3333333333333333,
        "run_f1": 0.3333333333333333
      }
    }
  },
  "variants": {
    "all_candidate_windows": {
      "summary": {
        "window_metrics": {
          "window_auc": 0.7138480392156863,
          "window_balanced_accuracy": 0.6721813725490196,
          "window_precision": 0.6461538461538462,
          "window_recall": 0.8235294117647058,
          "window_f1": 0.7241379310344828,
          "window_count": 99
        },
        "run_metrics": {
          "run_auc": 0.888888888888889,
          "run_balanced_accuracy": 0.6666666666666666,
          "run_precision": 0.6666666666666666,
          "run_recall": 0.6666666666666666,
          "run_f1": 0.6666666666666666,
          "run_count": 6
        },
        "pass": true
      }
    },
    "top_info_windows": {
      "summary": {
        "window_metrics": {
          "window_auc": 0.8116666666666666,
          "window_balanced_accuracy": 0.7125,
          "window_precision": 0.75,
          "window_recall": 0.625,
          "window_f1": 0.6818181818181818,
          "window_count": 49
        },
        "run_metrics": {
          "run_auc": 0.7777777777777778,
          "run_balanced_accuracy": 0.6666666666666666,
          "run_precision": 1.0,
          "run_recall": 0.3333333333333333,
          "run_f1": 0.5,
          "run_count": 6
        },
        "pass": false
      }
    }
  },
  "best_variant": {
    "name": "all_candidate_windows",
    "summary": {
      "window_metrics": {
        "window_auc": 0.7138480392156863,
        "window_balanced_accuracy": 0.6721813725490196,
        "window_precision": 0.6461538461538462,
        "window_recall": 0.8235294117647058,
        "window_f1": 0.7241379310344828,
        "window_count": 99
      },
      "run_metrics": {
        "run_auc": 0.888888888888889,
        "run_balanced_accuracy": 0.6666666666666666,
        "run_precision": 0.6666666666666666,
        "run_recall": 0.6666666666666666,
        "run_f1": 0.6666666666666666,
        "run_count": 6
      },
      "pass": true
    }
  },
  "outputs": {
    "dataset_all_csv": "reports/lab_phase2_similarity_run3/phase2_similarity_dataset_all.csv",
    "dataset_top_info_csv": "reports/lab_phase2_similarity_run3/phase2_similarity_dataset_top_info.csv",
    "window_predictions_all_csv": "reports/lab_phase2_similarity_run3/phase2_similarity_window_predictions_all.csv",
    "window_predictions_top_info_csv": "reports/lab_phase2_similarity_run3/phase2_similarity_window_predictions_top_info.csv",
    "run_predictions_best_csv": "reports/lab_phase2_similarity_run3/phase2_similarity_run_predictions_best.csv",
    "report_md": "reports/lab_phase2_similarity_run3/phase2_similarity_report.md",
    "report_json": "reports/lab_phase2_similarity_run3/phase2_similarity_report.json"
  }
}